source_index,system,formula,estimated_electrons,basis,reference_method,checkpoint,checkpoint_step,shard_index,num_shards,gpu,status,error,elapsed_reference_s,elapsed_ground_s,elapsed_tda5_s,target_s1_ev,target_s2_ev,target_s3_ev,target_s4_ev,target_s5_ev,pred_s1_ev,pred_s2_ev,pred_s3_ev,pred_s4_ev,pred_s5_ev,err_s1_ev,err_s2_ev,err_s3_ev,err_s4_ev,err_s5_ev,abs_err_s1_ev,abs_err_s2_ev,abs_err_s3_ev,abs_err_s4_ev,abs_err_s5_ev,mae_5_ev,s1_abs_err_ev,target_f1,target_f2,target_f3,target_f4,target_f5,pred_f1,pred_f2,pred_f3,pred_f4,pred_f5
1,qm9randdiv60_28_C4H6,C4H6,30,def2-svp,qsGW-BSE singlet-singlet,reproducibility/v1.0.0/checkpoints/qm9_s1_def2svp_scf32_step1150.msgpack,1150,1,3,2,ok,,810.7623867029906,38.29488348198356,70.29159487999277,7.17760785,7.19610181,7.19614181,7.56861036,7.56865444,6.949115298897042,6.962538311777805,7.05047314074684,7.610855089658654,7.61822696618803,-0.22849255110295807,-0.23356349822219524,-0.14566866925316013,0.04224472965865367,0.04957252618802954,0.22849255110295807,0.23356349822219524,0.14566866925316013,0.04224472965865367,0.04957252618802954,0.13990839488499934,0.22849255110295807,3.6e-07,0.00963956,0.00960283,7e-08,1e-08,1.7143249063341407e-06,1.43311878344595e-06,1.1681623621406444e-09,0.002915800236599303,0.003042278700200373
3,qm9randdiv60_15_C3H6,C3H6,24,def2-svp,qsGW-BSE singlet-singlet,reproducibility/v1.0.0/checkpoints/qm9_s1_def2svp_scf32_step1150.msgpack,1150,0,3,1,ok,,669.8882724519935,31.190545570018003,63.702417772990884,8.48136671,8.48261544,9.09563386,9.09686572,9.32112983,8.607008187354113,8.611052638272449,8.882257920898057,8.885132835523148,9.624313257670279,0.12564147735411346,0.12843719827244904,-0.21337593910194208,-0.21173288447685223,0.3031834276702785,0.12564147735411346,0.12843719827244904,0.21337593910194208,0.21173288447685223,0.3031834276702785,0.19647418537512706,0.12564147735411346,0.0002276,0.00024553,4.2e-07,3e-07,7.208e-05,0.012416729397510528,0.012161161929762234,8.106465257046991e-08,1.2929629384430134e-07,9.728833114687068e-06
4,qm9randdiv60_311_C5H2O,C5H2O,40,def2-svp,qsGW-BSE singlet-singlet,reproducibility/v1.0.0/checkpoints/qm9_s1_def2svp_scf32_step1150.msgpack,1150,1,3,2,ok,,884.3463973919861,39.75476805801736,69.07451706501888,4.06276297,4.92172809,5.4556095,5.79268501,6.03041251,3.8950731241258194,4.851496444862573,5.316843680259869,5.644701410707812,6.098573028836866,-0.16768984587418023,-0.07023164513742763,-0.13876581974013025,-0.1479835992921874,0.06816051883686658,0.16768984587418023,0.07023164513742763,0.13876581974013025,0.1479835992921874,0.06816051883686658,0.11856628577615842,0.16768984587418023,0.0,0.0,3.582e-05,0.13464763,0.10503217,9.844472704618872e-10,1.1403005649532294e-07,1.4420271503031882e-06,0.13312462320883595,0.09884080953550084
6,qm9randdiv60_339_C4H4O2,C4H4O2,44,def2-svp,qsGW-BSE singlet-singlet,reproducibility/v1.0.0/checkpoints/qm9_s1_def2svp_scf32_step1150.msgpack,1150,2,3,5,ok,,1165.337090535002,43.517035769997165,75.95435364497826,5.35922836,6.12596915,6.53883166,7.45268708,7.71192383,5.238274888096281,6.043068675363849,6.400606094140202,7.492969848490152,7.8081888673578606,-0.12095347190371974,-0.08290047463615124,-0.1382255658597975,0.040282768490152776,0.09626503735786063,0.12095347190371974,0.08290047463615124,0.1382255658597975,0.040282768490152776,0.09626503735786063,0.09572546364953638,0.12095347190371974,2.796e-05,0.00015921,0.0865064,0.0001388,0.10515497,0.00020001278417546895,0.0004530591975453714,0.08307281909569687,4.577064097675671e-05,0.12452052811836435
9,qm9randdiv60_172_CHN3O,CHN3O,36,def2-svp,qsGW-BSE singlet-singlet,reproducibility/v1.0.0/checkpoints/qm9_s1_def2svp_scf32_step1150.msgpack,1150,2,3,5,ok,,599.7336059279914,40.24186928200652,72.98497822499485,5.55305326,6.07670372,6.53553555,7.55716198,7.59127446,5.55890179978228,6.022624671029657,6.949543091236318,7.495948388030872,8.207932978020002,0.005848539782279616,-0.0540790489703431,0.41400754123631867,-0.061213591969128345,0.6166585180200022,0.005848539782279616,0.0540790489703431,0.41400754123631867,0.061213591969128345,0.6166585180200022,0.23036144799561437,0.005848539782279616,0.00651335,0.0010798,0.06976239,0.0397474,0.00996468,0.010520529487874398,0.0020707916885207766,0.06673930845202196,0.01818086460665995,0.04752712240035342
11,qm9randdiv60_40_C3H8O,C3H8O,34,def2-svp,qsGW-BSE singlet-singlet,reproducibility/v1.0.0/checkpoints/qm9_s1_def2svp_scf32_step1150.msgpack,1150,1,3,2,ok,,873.9146950430004,38.73492563498439,71.40280019398779,7.81652064,8.76672014,9.17913857,9.2636169,9.51743015,7.751766974480463,8.485357764475792,9.336784823485793,9.456331262474745,9.762588817277884,-0.06475366551953687,-0.28136237552420873,0.15764625348579386,0.19271436247474405,0.2451586672778845,0.06475366551953687,0.28136237552420873,0.15764625348579386,0.19271436247474405,0.2451586672778845,0.1883270648564336,0.06475366551953687,0.03880305,0.00345293,0.03739388,0.07667749,0.01108364,0.07730741828097523,0.007681781787925385,0.0249298299543847,0.024499965353599083,0.15717217825945776
12,qm9randdiv60_25_C3H2O,C3H2O,28,def2-svp,qsGW-BSE singlet-singlet,reproducibility/v1.0.0/checkpoints/qm9_s1_def2svp_scf32_step1150.msgpack,1150,1,3,2,ok,,533.138777566026,34.17171577300178,70.97259528699215,4.17585763,5.30245313,6.16544663,7.41397832,8.22819973,4.0852804973080845,5.220418179409968,6.169093439769576,7.432696898815905,8.266879467761388,-0.09057713269191581,-0.08203495059003174,0.003646809769575654,0.018718578815905218,0.03867973776138811,0.09057713269191581,0.08203495059003174,0.003646809769575654,0.018718578815905218,0.03867973776138811,0.046731441925763305,0.09057713269191581,0.00026775,1.641e-05,0.12651678,5.53e-06,0.00899285,0.00011897596985642634,7.831244824908735e-05,0.1114953609891042,2.360825620295751e-05,0.022748056879654248
14,qm9randdiv60_38_C4H10,C4H10,34,def2-svp,qsGW-BSE singlet-singlet,reproducibility/v1.0.0/checkpoints/qm9_s1_def2svp_scf32_step1150.msgpack,1150,0,3,1,ok,,1121.1788660699967,39.4472848130099,69.10236259101657,9.50424214,9.59780718,9.9060103,10.07157888,10.08055946,9.360054115031794,9.495737555084174,9.792804428585084,10.033274190037991,10.11474942281626,-0.14418802496820682,-0.10206962491582594,-0.113205871414916,-0.03830468996200942,0.03418996281626008,0.14418802496820682,0.10206962491582594,0.113205871414916,0.03830468996200942,0.03418996281626008,0.08639163481544365,0.14418802496820682,5e-08,1.5e-07,6e-08,0.08045739,0.00735805,7.756426770644193e-13,1.0000844137960425e-11,1.456775109242031e-12,0.009840535980461146,0.08984305564457688
21,qm9randdiv60_173_N4O,N4O,36,def2-svp,qsGW-BSE singlet-singlet,reproducibility/v1.0.0/checkpoints/qm9_s1_def2svp_scf32_step1150.msgpack,1150,0,3,1,ok,,523.0775600129855,41.45599523797864,73.37089925300097,5.63649565,6.19762901,6.6768302,7.34084795,7.3828131,5.640330669723936,6.0865453403717495,6.510888300747742,7.308240901852878,7.61813913042303,0.003835019723936739,-0.11108366962825045,-0.16594189925225855,-0.032607048147121453,0.23532603042303002,0.003835019723936739,0.11108366962825045,0.16594189925225855,0.032607048147121453,0.23532603042303002,0.10975873343491944,0.003835019723936739,0.01055726,0.0,5e-08,0.03729721,3e-08,0.016370932866577044,1.379884453446033e-07,2.47360724615441e-09,7.286544977217805e-08,3.2921320432282848e-06
22,qm9randdiv60_2586_C6H3N,C6H3N,46,def2-svp,qsGW-BSE singlet-singlet,reproducibility/v1.0.0/checkpoints/qm9_s1_def2svp_scf32_step1150.msgpack,1150,2,3,5,ok,,1325.5972409829847,42.29161187101272,61.243764742976055,4.23105052,4.49078387,4.49079775,6.40910349,6.77299365,4.218232001036071,4.223455572260655,4.248152191868981,6.460040213195955,6.519642474884033,-0.012818518963928938,-0.2673282977393443,-0.2426455581310183,0.05093672319595566,-0.2533511751159674,0.012818518963928938,0.2673282977393443,0.2426455581310183,0.05093672319595566,0.2533511751159674,0.16541605462924291,0.012818518963928938,0.0,8.215e-05,8.212e-05,2e-08,0.0002556,0.00012221797449951658,0.00012478711760094651,8.904710072894007e-08,2.6241723442436316e-08,0.00034191790846060466
23,qm9randdiv60_313_C3N2O,C3N2O,40,def2-svp,qsGW-BSE singlet-singlet,reproducibility/v1.0.0/checkpoints/qm9_s1_def2svp_scf32_step1150.msgpack,1150,2,3,5,ok,,736.213944882009,40.23218420401099,71.82002747000661,3.98710032,5.75652704,6.14977232,6.6229704,6.67232862,3.9554617725002736,5.613412987362004,6.0061028853631875,6.524031771058713,6.793320167009578,-0.0316385474997265,-0.14311405263799593,-0.1436694346368128,-0.09893862894128702,0.12099154700957815,0.0316385474997265,0.14311405263799593,0.1436694346368128,0.09893862894128702,0.12099154700957815,0.10767044214508008,0.0316385474997265,0.0,0.0,0.0004358,0.09978154,0.10972489,6.459837284295242e-09,2.7407988719955095e-08,0.0002418084475738687,0.09935398451629096,0.1024462610772928
26,qm9randdiv60_685_C6H8,C6H8,44,def2-svp,qsGW-BSE singlet-singlet,reproducibility/v1.0.0/checkpoints/qm9_s1_def2svp_scf32_step1150.msgpack,1150,2,3,5,ok,,1315.7853983569948,45.73487579097855,83.43838077000692,8.94779459,9.01575098,9.09623686,9.09637074,9.10821886,9.04608532617944,9.325090451917331,9.355298909418542,9.471611917870502,9.472668447713348,0.09829073617943962,0.30933947191733147,0.2590620494185423,0.37524117787050315,0.3644495877133487,0.09829073617943962,0.30933947191733147,0.2590620494185423,0.37524117787050315,0.3644495877133487,0.28127660461983306,0.09829073617943962,9.3e-07,1e-07,0.05166845,0.05208006,0.12196314,1.2558078209960554e-06,8.344720029601664e-07,1.123602657776421e-05,0.09655718519683831,0.0961118542182951
27,qm9randdiv60_27_C2H2O2,C2H2O2,30,def2-svp,qsGW-BSE singlet-singlet,reproducibility/v1.0.0/checkpoints/qm9_s1_def2svp_scf32_step1150.msgpack,1150,0,3,1,ok,,632.6873707680206,37.44331822000095,74.35656027402729,3.0649291,4.62480383,7.44036004,8.36336148,8.57358424,3.081671357403228,4.569606136830089,7.229292450353678,8.524591417385967,8.597626382942483,0.016742257403227878,-0.05519769316991141,-0.21106758964632188,0.1612299373859667,0.024042142942482414,0.016742257403227878,0.05519769316991141,0.21106758964632188,0.1612299373859667,0.024042142942482414,0.09365592410958205,0.016742257403227878,0.0003925,0.0,1.9e-07,0.29467558,3e-08,3.3103089382434916e-05,1.493365191009078e-08,8.800949712116975e-07,0.0012542578099023417,0.3202826491334342
28,qm9randdiv60_762_CH2N4O,CH2N4O,44,def2-svp,qsGW-BSE singlet-singlet,reproducibility/v1.0.0/checkpoints/qm9_s1_def2svp_scf32_step1150.msgpack,1150,1,3,2,ok,,911.4919879020017,40.53079604299273,68.19798136898316,6.21314631,6.24647483,7.08136575,7.11859068,7.96734418,5.9433192810296305,6.545046654247985,7.2213094702219145,7.744420852830966,7.941003776777007,-0.2698270289703695,0.29857182424798445,0.1399437202219147,0.6258301728309661,-0.026340403222993025,0.2698270289703695,0.29857182424798445,0.1399437202219147,0.6258301728309661,0.026340403222993025,0.27210262989884554,0.2698270289703695,0.01353551,0.07107948,0.00357271,1.24e-06,0.00018019,0.014363082574640083,0.08483940267663215,1.39487726851844e-07,0.0023354082165771392,0.015997499771761663
29,qm9randdiv60_771_C2H3N3O,C2H3N3O,44,def2-svp,qsGW-BSE singlet-singlet,reproducibility/v1.0.0/checkpoints/qm9_s1_def2svp_scf32_step1150.msgpack,1150,0,3,1,ok,,954.5998813159822,43.74711274498259,71.50947920200997,6.51843672,6.83662942,6.8659946,7.19129001,7.61249609,6.939568336356798,6.946238674411119,7.038896172994355,7.581562413272169,8.243924870160557,0.4211316163567975,0.10960925441111868,0.1729015729943555,0.39027240327216894,0.6314287801605571,0.4211316163567975,0.10960925441111868,0.1729015729943555,0.39027240327216894,0.6314287801605571,0.3450687254389996,0.4211316163567975,0.08855385,0.00642488,0.00697773,0.0001513,0.06548708,0.0696304945141668,0.040621061757171825,1.254008229990019e-05,0.0005237690295370169,0.0778560706581911
30,qm9randdiv60_3591_C3HN3O,C3HN3O,48,def2-svp,qsGW-BSE singlet-singlet,reproducibility/v1.0.0/checkpoints/qm9_s1_def2svp_scf32_step1150.msgpack,1150,2,3,5,ok,,1060.0061181389901,47.833905845996924,77.69017365100444,5.53591769,5.73170943,5.84520818,6.05526821,6.46369663,5.343839433970705,5.592382630645424,5.67036659817095,5.9534116150479415,6.383541867781114,-0.19207825602929507,-0.1393267993545768,-0.17484158182905052,-0.1018565949520589,-0.08015476221888651,0.19207825602929507,0.1393267993545768,0.17484158182905052,0.1018565949520589,0.08015476221888651,0.13765159887677356,0.19207825602929507,0.00502968,0.1180201,0.00031021,0.00183846,0.09333485,0.0047523764798397955,0.07051357266132964,0.0034960475579239292,0.0040322834607431825,0.10548440512134785
34,qm9randdiv60_23_C3HN,C3HN,26,def2-svp,qsGW-BSE singlet-singlet,reproducibility/v1.0.0/checkpoints/qm9_s1_def2svp_scf32_step1150.msgpack,1150,2,3,5,ok,,575.6385347500036,38.939377390022855,68.61798459599959,5.47788666,5.83607739,5.83608148,7.9001546,8.38264919,5.550834464896954,5.567264752635967,5.581241486939681,7.96608069486125,8.056817752965104,0.07294780489695363,-0.26881263736403316,-0.2548399930603189,0.06592609486125056,-0.32583143703489625,0.07294780489695363,0.26881263736403316,0.2548399930603189,0.06592609486125056,0.32583143703489625,0.1976715934434905,0.07294780489695363,0.0,0.0,0.0,0.0,1.1e-07,3.17452893082601e-20,2.4878777204529207e-18,4.320172013455822e-20,1.2671541886039236e-16,1.576103213860973e-18
37,qm9randdiv60_324_C3H2N2O,C3H2N2O,42,def2-svp,qsGW-BSE singlet-singlet,reproducibility/v1.0.0/checkpoints/qm9_s1_def2svp_scf32_step1150.msgpack,1150,1,3,2,ok,,822.0589557760104,42.4086439969833,71.8631107720139,7.76611506,7.81124081,8.05538067,8.34832935,8.42543122,7.662006252944205,7.71401983418611,7.743313133905379,8.168275343313512,8.217591344004147,-0.10410880705579473,-0.09722097581389022,-0.312067536094621,-0.18005400668648797,-0.20783987599585352,0.10410880705579473,0.09722097581389022,0.312067536094621,0.18005400668648797,0.20783987599585352,0.1802582403293295,0.10410880705579473,0.00018053,0.00047561,0.02103561,0.00078051,0.01043036,0.0004491215336437336,0.001502202248899112,0.015316177094905015,0.0005361558252378316,0.006913026036335343
40,qm9randdiv60_41_C2H6O2,C2H6O2,34,def2-svp,qsGW-BSE singlet-singlet,reproducibility/v1.0.0/checkpoints/qm9_s1_def2svp_scf32_step1150.msgpack,1150,2,3,5,ok,,830.7731510750018,39.04501230598544,64.69920445801108,7.40959483,8.11130119,8.81585114,9.34876736,9.40578449,7.4753848756045205,8.206978297224468,8.722400229664414,9.112546878052243,9.342514627612937,0.06579004560452084,0.09567710722446776,-0.09345091033558539,-0.23622048194775758,-0.06326986238706311,0.06579004560452084,0.09567710722446776,0.09345091033558539,0.23622048194775758,0.06326986238706311,0.11088168149987894,0.06579004560452084,0.00119024,0.02873847,0.03814859,0.00053583,0.11087282,0.000761116658098334,0.01449040049586298,0.0465749123569589,0.11119636904910359,0.0018504250764261058
41,qm9randdiv60_475_C5HN,C5HN,38,def2-svp,qsGW-BSE singlet-singlet,reproducibility/v1.0.0/checkpoints/qm9_s1_def2svp_scf32_step1150.msgpack,1150,1,3,2,ok,,746.4164217649959,39.16917207301594,68.55032445600955,4.28420146,4.5582842,4.55828937,6.41403501,6.79682485,4.29652237144737,4.3034745614142516,4.3304092516318535,6.506692566129974,6.558292434613272,0.012320911447369909,-0.25480963858574857,-0.22788011836814626,0.09265755612997406,-0.23853241538672787,0.012320911447369909,0.25480963858574857,0.22788011836814626,0.09265755612997406,0.23853241538672787,0.16524012798359333,0.012320911447369909,1e-08,6e-08,5e-08,3e-08,1.019e-05,5.5826569714310024e-08,1.2765491742889048e-07,6.779581685502673e-10,1.2773515630377838e-09,9.30479339389321e-09
42,qm9randdiv60_503_C5H4O,C5H4O,42,def2-svp,qsGW-BSE singlet-singlet,reproducibility/v1.0.0/checkpoints/qm9_s1_def2svp_scf32_step1150.msgpack,1150,1,3,2,ok,,1073.6467028690095,44.009237182996,74.30402454998693,5.07115351,5.41566916,5.44479515,7.13727103,7.48149252,4.927762057975,5.084893117697659,5.320299373527414,7.072933974103553,7.544106560749398,-0.14339145202499992,-0.33077604230234137,-0.12449577647258625,-0.06433705589644667,0.06261404074939847,0.14339145202499992,0.33077604230234137,0.12449577647258625,0.06433705589644667,0.06261404074939847,0.14512287348915454,0.14339145202499992,4.56e-06,0.00054435,4.904e-05,0.00081445,0.00254156,0.00014163247137720993,0.0011227106980289928,1.3568056357471615e-05,0.0017641896263089353,0.017813699501769368
45,qm9randdiv60_180_CF4,CF4,42,def2-svp,qsGW-BSE singlet-singlet,reproducibility/v1.0.0/checkpoints/qm9_s1_def2svp_scf32_step1150.msgpack,1150,2,3,5,ok,,557.1004777530034,40.532746212003985,75.79727511599776,13.51712199,13.5171854,13.51720907,14.59728641,14.59734763,15.332211745937725,15.343899907264843,15.346901880911112,15.523231063809511,15.524593480726255,1.8150897559377253,1.8267145072648425,1.8296928109111121,0.9259446538095109,0.9272458507262549,1.8150897559377253,1.8267145072648425,1.8296928109111121,0.9259446538095109,0.9272458507262549,1.4649375157298892,1.8150897559377253,5e-08,3e-08,2e-08,0.19519157,0.19535832,3.631068061716446e-06,3.436797401150128e-05,1.3065597370147033e-05,3.95627813053817e-05,3.4505069285554815e-05
46,qm9randdiv60_114_C4H6O,C4H6O,38,def2-svp,qsGW-BSE singlet-singlet,reproducibility/v1.0.0/checkpoints/qm9_s1_def2svp_scf32_step1150.msgpack,1150,2,3,5,ok,,1063.1280064939929,45.576332288997946,74.20171927800402,6.70654804,7.31127814,7.3433084,7.53044093,7.64408907,6.5207184805814435,6.895817882566031,7.291322754402562,7.397892412847134,7.801960852074684,-0.18582955941855683,-0.41546025743396875,-0.0519856455974379,-0.1325485171528662,0.15787178207468422,0.18582955941855683,0.41546025743396875,0.0519856455974379,0.1325485171528662,0.15787178207468422,0.18873915233550279,0.18582955941855683,0.00054342,0.00750908,0.01605095,8.51e-05,6.653e-05,0.00021315591909878935,0.010151870484600761,0.0007593546029028897,0.002960020022582694,0.0035851052581437805
47,qm9randdiv60_346_C3H4O3,C3H4O3,46,def2-svp,qsGW-BSE singlet-singlet,reproducibility/v1.0.0/checkpoints/qm9_s1_def2svp_scf32_step1150.msgpack,1150,1,3,2,ok,,941.3838532320224,44.691896989010274,74.17747868699371,3.66008623,5.30300797,7.08151759,8.24507978,8.44083913,3.7010578745439946,5.18099546566242,7.0118192671926645,7.8204189103087405,8.084132677450807,0.04097164454399449,-0.12201250433758037,-0.06969832280733534,-0.4246608696912588,-0.35670645254919364,0.04097164454399449,0.12201250433758037,0.06969832280733534,0.4246608696912588,0.35670645254919364,0.20280995878587255,0.04097164454399449,9.98e-05,0.00031076,0.06223126,0.00042,0.04371295,2.1287221630806502e-05,0.000527196888979821,0.06951209469633134,3.0468292178973346e-06,0.0020594446865989414
49,qm9randdiv60_19_CH4N2O,CH4N2O,32,def2-svp,qsGW-BSE singlet-singlet,reproducibility/v1.0.0/checkpoints/qm9_s1_def2svp_scf32_step1150.msgpack,1150,1,3,2,ok,,666.847804088,38.25652004798758,67.24114498798735,6.97733439,7.30346765,7.30930912,8.04536824,8.56408555,6.83929138042919,7.4845890842158855,7.560023007288709,8.068437677630552,8.480389620747728,-0.1380430095708105,0.18112143421588556,0.25071388728870936,0.023069437630551803,-0.0836959292522721,0.1380430095708105,0.18112143421588556,0.25071388728870936,0.023069437630551803,0.0836959292522721,0.13532873959164587,0.1380430095708105,0.00208717,0.03248911,0.00131971,0.06177308,0.08043862,0.00040812629984520024,0.007105229251725971,0.00033341641402322223,0.06593487007803879,0.0777903593430393
51,qm9randdiv60_481_C4HNO,C4HNO,40,def2-svp,qsGW-BSE singlet-singlet,reproducibility/v1.0.0/checkpoints/qm9_s1_def2svp_scf32_step1150.msgpack,1150,0,3,1,ok,,950.4711418529914,39.834843559976434,69.41043744102353,3.97788028,4.58288902,5.25902972,5.76487605,7.22669585,3.859956190824576,4.530382732926381,5.157678182857724,5.731495282593484,6.740689573230227,-0.11792408917542385,-0.052506287073618374,-0.10135153714227574,-0.03338076740651541,-0.48600627676977215,0.11792408917542385,0.052506287073618374,0.10135153714227574,0.03338076740651541,0.48600627676977215,0.1582337915135211,0.11792408917542385,0.00013313,1.47e-06,0.07570981,1.526e-05,0.02602003,3.0382436969666127e-05,1.6748151545570858e-05,0.06616962070389021,2.172130518607534e-06,0.0048108321533984425
58,qm9randdiv60_474_C6H2,C6H2,38,def2-svp,qsGW-BSE singlet-singlet,reproducibility/v1.0.0/checkpoints/qm9_s1_def2svp_scf32_step1150.msgpack,1150,0,3,1,ok,,719.2619210850098,42.80552116097533,76.94788312498713,4.09331539,4.34815178,4.34815505,6.85285966,7.60901739,4.059561167767026,4.062004635570882,4.143595994574644,6.167378333174954,6.1707685514321176,-0.03375422223297431,-0.28614714442911815,-0.20455905542535557,-0.6854813268250464,-1.4382488385678824,0.03375422223297431,0.28614714442911815,0.20455905542535557,0.6854813268250464,1.4382488385678824,0.5296381174960754,0.03375422223297431,0.0,1e-08,1e-08,2.80511043,0.01220101,1.2871000581516655e-07,2.231835298114249e-08,9.292857514154121e-10,1.0790462874886539e-07,1.4321746865905403e-07
62,qm9randdiv60_31_C2H4N2,C2H4N2,30,def2-svp,qsGW-BSE singlet-singlet,reproducibility/v1.0.0/checkpoints/qm9_s1_def2svp_scf32_step1150.msgpack,1150,0,3,1,ok,,806.3331767180061,37.80869951398927,65.89153173999512,6.86626018,8.00111461,8.52353676,8.58183446,8.66825406,6.686601401001131,7.834719119206125,8.105281414683917,8.191640520473397,8.317202220639532,-0.17965877899886884,-0.1663954907938754,-0.41825534531608355,-0.3901939395266023,-0.35105183936046913,0.17965877899886884,0.1663954907938754,0.41825534531608355,0.3901939395266023,0.35105183936046913,0.30111107879917987,0.17965877899886884,0.01969886,0.00095362,0.02777693,0.00891456,0.0131778,0.005379255964741095,0.002170426185789824,0.02333687945202601,0.019705515281740554,0.009951054011214546
63,qm9randdiv60_112_C4H3N,C4H3N,34,def2-svp,qsGW-BSE singlet-singlet,reproducibility/v1.0.0/checkpoints/qm9_s1_def2svp_scf32_step1150.msgpack,1150,2,3,5,ok,,930.7593417320168,35.43613277602708,65.29873096200754,5.51430123,5.85828462,5.86877706,7.94101116,7.94377393,5.468124949050164,5.499368598420878,5.504620699159232,7.986064371104017,8.09947946884063,-0.046176280949835835,-0.3589160215791223,-0.3641563608407683,0.04505321110401628,0.15570553884063099,0.046176280949835835,0.3589160215791223,0.3641563608407683,0.04505321110401628,0.15570553884063099,0.19400148266287473,0.046176280949835835,1.096e-05,0.0008276,0.00025284,0.01022908,0.00475988,2.07177640308962e-07,0.0003894738601577048,0.0004026716040560717,1.2714859162861921e-08,0.0003649158634231569
66,qm9randdiv60_9_C2H3N,C2H3N,22,def2-svp,qsGW-BSE singlet-singlet,reproducibility/v1.0.0/checkpoints/qm9_s1_def2svp_scf32_step1150.msgpack,1150,1,3,2,ok,,44.94098571399809,19.480926579009974,44.94223453599261,8.16442764,8.68338387,8.68343475,9.28315496,9.28331306,8.02200615131622,8.261101726694957,8.280793345198811,9.445843123722584,9.44666915544135,-0.14242148868378024,-0.42228214330504343,-0.40264140480118904,0.162688163722585,0.1633560954413511,0.14242148868378024,0.42228214330504343,0.40264140480118904,0.162688163722585,0.1633560954413511,0.2586778591907898,0.14242148868378024,8e-08,0.0015047,0.00148512,0.00484002,0.00492018,1.530541809119297e-08,0.0019492389485016184,0.0019010969706333197,0.0018411629825388646,0.0018511438977459318
74,qm9randdiv60_2587_C6H4O,C6H4O,48,def2-svp,qsGW-BSE singlet-singlet,reproducibility/v1.0.0/checkpoints/qm9_s1_def2svp_scf32_step1150.msgpack,1150,2,3,5,ok,,1322.8537083799893,53.406671165983425,87.24083189302473,4.01317455,4.11041667,4.75626782,5.40638735,6.88754548,3.8552893926048295,3.991252617524705,4.567586351814381,5.260460973731064,6.509951938338634,-0.15788515739517006,-0.11916405247529527,-0.18868146818561904,-0.14592637626893623,-0.3775935416613656,0.15788515739517006,0.11916405247529527,0.18868146818561904,0.14592637626893623,0.3775935416613656,0.19785011919727724,0.15788515739517006,0.00015058,5.635e-05,0.13987065,0.00011445,1.07037866,6.193517934081242e-05,2.5266982732594298e-05,0.10555610272943715,0.0001129143774324421,0.0003595790109325181
75,qm9randdiv60_18_C2H5NO,C2H5NO,32,def2-svp,qsGW-BSE singlet-singlet,reproducibility/v1.0.0/checkpoints/qm9_s1_def2svp_scf32_step1150.msgpack,1150,0,3,1,ok,,902.6041199910105,37.32872330499231,63.64337849000003,6.23017194,7.23824356,7.56616732,8.18720685,8.70017493,5.979671949899874,7.41158466988613,7.553981035761882,8.329898052297386,8.789400879299755,-0.2504999901001259,0.17334110988613016,-0.012186284238118184,0.1426912022973852,0.08922594929975602,0.2504999901001259,0.17334110988613016,0.012186284238118184,0.1426912022973852,0.08922594929975602,0.1335889071643031,0.2504999901001259,0.00076211,0.0234031,0.03423051,0.19017841,0.011488,0.0017117139886370794,0.018710939203307516,0.017934388493478625,0.07039970342302744,0.0043835825229582605
77,qm9randdiv60_30_C3H5N,C3H5N,30,def2-svp,qsGW-BSE singlet-singlet,reproducibility/v1.0.0/checkpoints/qm9_s1_def2svp_scf32_step1150.msgpack,1150,2,3,5,ok,,725.9380423880066,43.9707359180029,80.62080917300773,8.16488207,8.66546244,8.69179246,9.30447536,9.36145658,7.9086006263363045,8.177922239631801,8.218021836359554,9.500846744176947,9.511566831684888,-0.25628144366369643,-0.48754020036819945,-0.473770623640446,0.19637138417694722,0.15011025168488779,0.25628144366369643,0.48754020036819945,0.473770623640446,0.19637138417694722,0.15011025168488779,0.3128147807068354,0.25628144366369643,3.173e-05,0.00911883,0.00080141,0.00881786,0.02814931,0.00010154945545372797,0.0073332574621943454,0.0010305016025930634,0.0005219805662014437,0.03764368131694393
78,qm9randdiv60_26_C2HNO,C2HNO,28,def2-svp,qsGW-BSE singlet-singlet,reproducibility/v1.0.0/checkpoints/qm9_s1_def2svp_scf32_step1150.msgpack,1150,2,3,5,ok,,581.7998564770096,37.229504739982076,70.91319858600036,4.08171327,6.26810599,7.06757692,7.73870501,8.44238284,4.079615035803216,6.181862687955219,7.1449141323674965,7.658240702486603,8.39133743196562,-0.002098234196783899,-0.08624330204478081,0.07733721236749691,-0.08046430751339706,-0.05104540803437985,0.002098234196783899,0.08624330204478081,0.07733721236749691,0.08046430751339706,0.05104540803437985,0.059437692831367704,0.002098234196783899,0.00062611,1.002e-05,0.11252272,0.01437059,1.254e-05,0.00038247405877250384,4.0008833042236e-05,0.09809004758682227,0.017555985045180238,3.393956943019304e-05
80,qm9randdiv60_710_C5H5N,C5H5N,42,def2-svp,qsGW-BSE singlet-singlet,reproducibility/v1.0.0/checkpoints/qm9_s1_def2svp_scf32_step1150.msgpack,1150,0,3,1,ok,,1123.3309649150178,45.64539595399401,66.35459582498879,6.48214433,6.83338827,6.84868924,7.04410165,7.15299732,7.077911916316914,7.088419206756686,7.203534713907872,7.8660437955584905,7.936431565668307,0.5957675863169145,0.2550309367566852,0.35484547390787213,0.8219421455584905,0.7834342456683068,0.5957675863169145,0.2550309367566852,0.35484547390787213,0.8219421455584905,0.7834342456683068,0.5622040776416538,0.5957675863169145,0.00110652,0.00014656,0.00200909,0.00368198,0.00186414,1.5714420514741584e-05,0.0014548824186196413,0.0010652827410799009,0.0021001598904349366,0.022087541405324915
81,qm9randdiv60_396_C4H5NO,C4H5NO,44,def2-svp,qsGW-BSE singlet-singlet,reproducibility/v1.0.0/checkpoints/qm9_s1_def2svp_scf32_step1150.msgpack,1150,0,3,1,ok,,846.8842655410117,43.179344525997294,70.96064002299681,7.36702396,7.86752705,8.20601509,8.46646493,8.5715959,7.149188977599162,7.926689172406514,7.964633069809102,8.272323831193727,8.450323421285963,-0.21783498240083787,0.05916212240651397,-0.2413820201908976,-0.1941410988062735,-0.12127247871403668,0.21783498240083787,0.05916212240651397,0.2413820201908976,0.1941410988062735,0.12127247871403668,0.16675854050371192,0.21783498240083787,0.00337443,0.01393014,0.05364835,0.0112824,0.02112982,0.0018713967834488236,0.059334121207978985,0.008326663457905248,0.007343528120601964,0.015148766107918642
82,qm9randdiv60_273_C2H4N2O2,C2H4N2O2,46,def2-svp,qsGW-BSE singlet-singlet,reproducibility/v1.0.0/checkpoints/qm9_s1_def2svp_scf32_step1150.msgpack,1150,0,3,1,ok,,1180.5858123759972,43.282637871976476,64.65914442000212,4.84145936,5.06789767,5.76184633,6.96808606,7.10343229,4.671402475228397,4.758021631669425,5.759992458745827,6.632589718542072,6.6414336114940395,-0.1700568847716033,-0.3098760383305752,-0.001853871254173356,-0.3354963414579277,-0.4619986785059602,0.1700568847716033,0.3098760383305752,0.001853871254173356,0.3354963414579277,0.4619986785059602,0.25585636286404795,0.1700568847716033,6.684e-05,4e-08,0.01484553,0.00091896,8.9e-07,0.0012559045783021902,3.7067890834258707e-07,0.022916092846102607,0.008958270510902628,0.009584274016135657
83,qm9randdiv60_2435_C7H4,C7H4,46,def2-svp,qsGW-BSE singlet-singlet,reproducibility/v1.0.0/checkpoints/qm9_s1_def2svp_scf32_step1150.msgpack,1150,0,3,1,ok,,1357.0368338999979,35.44835562899243,61.88327155102161,6.97200667,6.9723509,7.01822007,7.33430497,7.36203856,6.90390829307553,6.94672363908193,6.952890688896273,7.028991438107509,7.034998332771635,-0.0680983769244703,-0.025627260918070327,-0.06532938110372655,-0.3053135318924909,-0.32704022722836523,0.0680983769244703,0.025627260918070327,0.06532938110372655,0.3053135318924909,0.32704022722836523,0.15828175561342467,0.0680983769244703,0.00027435,0.00026928,1e-07,2.6e-07,0.00525633,5.625568650946228e-05,0.005580954823448076,0.005752527664422616,0.0013068218882398477,0.0011965962901447054
84,qm9randdiv60_507_C6H10,C6H10,46,def2-svp,qsGW-BSE singlet-singlet,reproducibility/v1.0.0/checkpoints/qm9_s1_def2svp_scf32_step1150.msgpack,1150,0,3,1,ok,,1528.7665011729987,47.43650727800559,79.689535729005,6.99571406,7.22026907,7.33858423,7.5745234,7.59019853,6.667940146105328,6.8007950715792225,7.081784884316576,7.781258412582215,7.846853890492984,-0.3277739138946725,-0.41947399842077715,-0.2567993456834241,0.2067350125822145,0.2566553604929833,0.3277739138946725,0.41947399842077715,0.2567993456834241,0.2067350125822145,0.2566553604929833,0.29348752621481433,0.3277739138946725,0.0008031,0.06694726,0.00474886,0.01483201,0.00213891,0.0012837256825245624,0.037032697624848294,0.0019420935044647222,0.13821581409953482,3.026803504588729e-11
85,qm9randdiv60_195_C5H7N,C5H7N,44,def2-svp,qsGW-BSE singlet-singlet,reproducibility/v1.0.0/checkpoints/qm9_s1_def2svp_scf32_step1150.msgpack,1150,0,3,1,ok,,1222.1588175860234,33.8751632499916,55.42602235500817,5.71242036,6.39107703,6.42841433,6.56313906,6.9125865,5.748294925919709,6.505842704052306,6.567150284017101,6.821346094472433,7.063302501017619,0.035874565919709056,0.11476567405230576,0.13873595401710137,0.25820703447243254,0.15071600101761895,0.035874565919709056,0.11476567405230576,0.13873595401710137,0.25820703447243254,0.15071600101761895,0.13965984589583352,0.035874565919709056,0.00020016,0.00047327,0.15891902,0.00083463,0.04513941,2.9906809562488557e-05,0.0008958299974306967,9.960379721377049e-05,0.04696916165707498,0.12981402451569057
86,qm9randdiv60_135_C5H6,C5H6,36,def2-svp,qsGW-BSE singlet-singlet,reproducibility/v1.0.0/checkpoints/qm9_s1_def2svp_scf32_step1150.msgpack,1150,1,3,2,ok,,1002.318978700001,41.99468805801007,71.08867341399309,6.69914164,7.16341166,7.25400086,7.55541147,8.03988868,6.596058625512023,6.811132965022373,7.067770198351776,7.9886962975321145,8.251327625308257,-0.10308301448797685,-0.35227869497762754,-0.18623066164822344,0.4332848275321144,0.2114389453082559,0.10308301448797685,0.35227869497762754,0.18623066164822344,0.4332848275321144,0.2114389453082559,0.2572632287908396,0.10308301448797685,0.00073075,0.02454939,0.0040345,0.03804906,0.07379874,0.003488923429437149,0.01648199927479851,0.000940469216981333,0.005393192592548316,0.017709138534521836
87,qm9randdiv60_37_C2H4O2,C2H4O2,32,def2-svp,qsGW-BSE singlet-singlet,reproducibility/v1.0.0/checkpoints/qm9_s1_def2svp_scf32_step1150.msgpack,1150,2,3,5,ok,,836.0893809970003,36.60165984299965,70.65119129201048,4.54838741,7.44028684,8.1189748,8.46515497,8.88505408,4.543035055982348,7.19045321771694,7.897807153226109,8.655641376105308,8.766587407702984,-0.005352354017651884,-0.2498336222830595,-0.22116764677389078,0.19048640610530754,-0.11846667229701602,0.005352354017651884,0.2498336222830595,0.22116764677389078,0.19048640610530754,0.11846667229701602,0.15706134029538515,0.005352354017651884,0.00013903,0.00909849,0.01173572,0.00505706,0.14031626,6.0988271575344745e-06,0.008256084543365003,0.007650373829316415,0.020803966369441113,0.042436876848100095
88,qm9randdiv60_813_C2F3N,C2NF3,46,def2-svp,qsGW-BSE singlet-singlet,reproducibility/v1.0.0/checkpoints/qm9_s1_def2svp_scf32_step1150.msgpack,1150,1,3,2,ok,,773.7220624180045,32.25083416799316,55.11908793399925,7.83826608,8.39028226,8.39088254,9.38084742,9.42164765,8.133262642993284,8.382548786153409,8.388790230475289,9.752060033553125,9.767177735805973,0.29499656299328336,-0.0077334738465904,-0.0020923095247109558,0.3712126135531246,0.3455300858059722,0.29499656299328336,0.0077334738465904,0.0020923095247109558,0.3712126135531246,0.3455300858059722,0.20431300914473632,0.29499656299328336,1.84e-06,8.91e-05,0.00013547,0.01691601,0.01701829,9.526553380404963e-09,6.132811649448624e-05,6.812633545717914e-05,0.023948058162167846,0.02394335766042788
89,qm9randdiv60_523_C4H7NO,C4H7NO,46,def2-svp,qsGW-BSE singlet-singlet,reproducibility/v1.0.0/checkpoints/qm9_s1_def2svp_scf32_step1150.msgpack,1150,2,3,5,ok,,1360.2178564170026,47.7350239540101,76.48321765800938,7.62936471,8.15774561,8.66485508,8.67214665,9.05484288,7.61879601137131,8.026223216819547,8.280942616728131,8.303459901017607,8.426506759182447,-0.010568698628690143,-0.1315223931804521,-0.38391246327186934,-0.36868674898239284,-0.6283361208175542,0.010568698628690143,0.1315223931804521,0.38391246327186934,0.36868674898239284,0.6283361208175542,0.3046052849761917,0.010568698628690143,0.00307563,1.431e-05,0.0050483,0.00033367,0.03354843,0.002355773471586501,1.9684343431916426e-05,0.005099181888887757,5.7919833266453584e-05,0.014815863344808593
90,qm9randdiv60_33_C2H3NO,C2H3NO,30,def2-svp,qsGW-BSE singlet-singlet,reproducibility/v1.0.0/checkpoints/qm9_s1_def2svp_scf32_step1150.msgpack,1150,2,3,5,ok,,687.9018547460146,40.60788314597448,73.42704133898951,7.55222039,8.01054635,8.5131118,8.73358863,9.16807877,7.433992862811234,7.960694510313433,8.237225985630932,8.51182684621492,9.006013046985561,-0.11822752718876561,-0.0498518396865677,-0.2758858143690688,-0.22176178378508027,-0.16206572301443778,0.11822752718876561,0.0498518396865677,0.2758858143690688,0.22176178378508027,0.16206572301443778,0.16555853760878403,0.11822752718876561,0.00189791,0.00262087,0.00660396,0.00047189,0.00514108,0.0017590109787925712,0.00019036706115859868,0.0062159631665312225,0.00014424212715913987,0.015282093893354389
92,qm9randdiv60_58_C3H4O2,C3H4O2,38,def2-svp,qsGW-BSE singlet-singlet,reproducibility/v1.0.0/checkpoints/qm9_s1_def2svp_scf32_step1150.msgpack,1150,0,3,1,ok,,765.5085460979899,37.858505541982595,64.50968308901065,3.10409801,4.77062156,7.5458249,7.94954493,8.27988942,3.1069748512371524,4.690119203652279,7.127422537935679,8.085165376138278,8.12495572950323,0.002876841237152483,-0.08050235634772118,-0.41840236206432113,0.13562044613827773,-0.15493369049677064,0.002876841237152483,0.08050235634772118,0.41840236206432113,0.13562044613827773,0.15493369049677064,0.15846713925684863,0.002876841237152483,0.00026302,3.277e-05,0.00014287,0.04555826,0.26573679,1.4869659719529004e-05,2.301901822799734e-05,7.404045720992857e-05,0.00015043933425403007,0.13659619363360698
93,qm9randdiv60_76_C2H5NO2,C2H5NO2,40,def2-svp,qsGW-BSE singlet-singlet,reproducibility/v1.0.0/checkpoints/qm9_s1_def2svp_scf32_step1150.msgpack,1150,1,3,2,ok,,892.8355669699959,39.687554028991144,67.01589094600058,6.14471372,7.22678756,7.56653059,7.61787823,8.06074921,5.951706977309642,7.331012034880345,7.544850663148366,7.629547905904955,7.961977937173546,-0.19300674269035856,0.10422447488034514,-0.021679926851634335,0.01166967590495549,-0.09877127282645493,0.19300674269035856,0.10422447488034514,0.021679926851634335,0.01166967590495549,0.09877127282645493,0.08587041863074969,0.19300674269035856,0.00125944,0.01955452,0.00270454,0.03111386,0.10388336,0.0017906108491433828,0.011444261144126453,0.007788336470354561,0.012115498703674309,0.00686762849007064
94,qm9randdiv60_791_C5H3NO,C5H3NO,48,def2-svp,qsGW-BSE singlet-singlet,reproducibility/v1.0.0/checkpoints/qm9_s1_def2svp_scf32_step1150.msgpack,1150,2,3,5,ok,,1216.2015254560101,47.353110604017274,73.73470437299693,5.32843621,5.33689161,5.62986451,5.87892991,6.15022103,5.101053148374665,5.422373686862261,5.730954672773444,5.733340781879812,5.90181799693994,-0.22738306162533473,0.08548207686226039,0.10109016277344374,-0.14558912812018843,-0.24840303306006017,0.22738306162533473,0.08548207686226039,0.10109016277344374,0.14558912812018843,0.24840303306006017,0.1615894924882575,0.22738306162533473,0.27216723,0.0002897,0.00187829,0.00060606,0.10855739,0.0004813969598072223,0.0023955450561921414,0.0030336680143134903,0.3143381397709194,0.10747704429190176
95,qm9randdiv60_115_C5H8,C5H8,38,def2-svp,qsGW-BSE singlet-singlet,reproducibility/v1.0.0/checkpoints/qm9_s1_def2svp_scf32_step1150.msgpack,1150,0,3,1,ok,,1121.3636845300207,46.172986399004,72.01761858299142,7.09713993,7.23438688,7.26054167,7.53980111,7.56607072,6.805709153335231,6.881536619776974,7.046397580741641,7.639628161323158,7.645476322916981,-0.291430776664769,-0.35285026022302546,-0.21414408925835904,0.09982705132315761,0.07940560291698073,0.291430776664769,0.35285026022302546,0.21414408925835904,0.09982705132315761,0.07940560291698073,0.20753155607725837,0.291430776664769,0.00217839,0.02344364,0.00761208,0.00310777,0.00031154,3.431222889388052e-05,0.00721656057531669,9.156996527679464e-06,0.0021400099628459935,0.018257061053408963
96,qm9randdiv60_3765_C2N4O,C2N4O,48,def2-svp,qsGW-BSE singlet-singlet,reproducibility/v1.0.0/checkpoints/qm9_s1_def2svp_scf32_step1150.msgpack,1150,0,3,1,ok,,680.0274264180043,47.735196620982606,76.2011818420142,5.54660034,6.05200965,6.17953479,6.71911889,7.05495029,5.498113296976224,5.987147364069857,6.3096695848851505,6.504955379270322,7.228065127106988,-0.048487043023776266,-0.06486228593014243,0.13013479488515056,-0.2141635107296782,0.17311483710698816,0.048487043023776266,0.06486228593014243,0.13013479488515056,0.2141635107296782,0.17311483710698816,0.12615249433514714,0.048487043023776266,0.00418841,0.00311801,0.08940028,2.48e-06,0.1132695,0.0060918850630171505,0.005785147113734044,0.06647776569552344,6.728570654491972e-05,0.022630788599870055
97,qm9randdiv60_215_C4H8N2,C4H8N2,46,def2-svp,qsGW-BSE singlet-singlet,reproducibility/v1.0.0/checkpoints/qm9_s1_def2svp_scf32_step1150.msgpack,1150,2,3,5,ok,,1575.569447546004,46.95439528199495,80.10343624098459,7.20543613,8.07605943,8.50038312,8.54485526,8.85070677,7.137487457554325,7.6664435875231725,7.975596202313252,8.019573722717425,8.417783460577773,-0.0679486724456746,-0.40961584247682836,-0.5247869176867486,-0.5252815372825754,-0.4329233094222271,0.0679486724456746,0.40961584247682836,0.5247869176867486,0.5252815372825754,0.4329233094222271,0.3921112558628108,0.0679486724456746,0.0299274,2.574e-05,0.00159554,0.0141803,0.00048624,0.016787613447985714,5.443069599040154e-06,0.03736823110246507,0.000874773421524463,0.010461527086511154
98,qm9randdiv60_315_C3HNO2,C3HNO2,42,def2-svp,qsGW-BSE singlet-singlet,reproducibility/v1.0.0/checkpoints/qm9_s1_def2svp_scf32_step1150.msgpack,1150,0,3,1,ok,,854.1960928280023,42.069692369987024,75.32956425298471,2.95775809,4.27582252,5.99065257,6.64248288,7.02809563,2.9887875118245915,4.273500449750108,5.889537378196123,6.483919396290425,6.660826699568776,0.031029421824591452,-0.002322070249892505,-0.10111519180387685,-0.15856348370957551,-0.3672689304312238,0.031029421824591452,0.002322070249892505,0.10111519180387685,0.15856348370957551,0.3672689304312238,0.132059819603832,0.031029421824591452,1.043e-05,0.00027221,2e-08,0.0921323,0.00216983,2.4296670229799512e-05,0.00010530950028856489,2.7473819115058777e-05,0.00032338424536148365,0.09434489025494941
100,qm9randdiv60_16_C2H4O,C2H4O,24,def2-svp,qsGW-BSE singlet-singlet,reproducibility/v1.0.0/checkpoints/qm9_s1_def2svp_scf32_step1150.msgpack,1150,1,3,2,ok,,649.6213647910045,36.427599652000936,52.112870262993965,8.3933381,8.68128124,8.93168626,9.16886708,9.40103583,8.506348817555988,8.76780358303349,9.447048780031945,9.450041038832584,9.533343170618513,0.1130107175559889,0.08652234303349005,0.515362520031946,0.2811739588325839,0.1323073406185138,0.1130107175559889,0.08652234303349005,0.515362520031946,0.2811739588325839,0.1323073406185138,0.22567537601450455,0.1130107175559889,0.02908371,0.02148227,0.0,0.00296213,1e-08,0.08302922476358199,1.8692865882998106e-06,1.6885579110801056e-05,1.3489242230070691e-06,0.02460155379943909
101,qm9randdiv60_44_C3H7N,C3H7N,32,def2-svp,qsGW-BSE singlet-singlet,reproducibility/v1.0.0/checkpoints/qm9_s1_def2svp_scf32_step1150.msgpack,1150,1,3,2,ok,,840.1936854190135,39.64800692300196,69.66706922400044,7.21751065,7.87000981,7.99902233,8.16685816,8.64962105,7.172274923472889,8.039952546210715,8.250646616201276,8.275475237787413,8.69754987947943,-0.045235726527111275,0.16994273621071532,0.2516242862012765,0.1086170777874127,0.04792882947942978,0.045235726527111275,0.16994273621071532,0.2516242862012765,0.1086170777874127,0.04792882947942978,0.12466973124118912,0.045235726527111275,0.02152572,0.01434438,0.02057606,0.08413163,0.00280674,0.06100094117578403,0.005930740299296651,0.025433112291994513,0.019145433447145532,0.0175179517568096
102,qm9randdiv60_715_C2H2N4,C2H2N4,42,def2-svp,qsGW-BSE singlet-singlet,reproducibility/v1.0.0/checkpoints/qm9_s1_def2svp_scf32_step1150.msgpack,1150,1,3,2,ok,,732.4791460259876,43.18575699199573,73.78690966800787,3.3366684,3.6546698,4.1101704,4.37574115,5.6940679,3.386368305093851,3.687012898162729,4.027558136032359,4.3105867190426,5.796589520023687,0.049699905093850916,0.03234309816272862,-0.08261226396764165,-0.06515443095739926,0.10252162002368692,0.049699905093850916,0.03234309816272862,0.08261226396764165,0.06515443095739926,0.10252162002368692,0.06646626364106148,0.049699905093850916,0.00584173,0.0,0.0,0.00702108,0.02915814,0.010156579648239081,2.7058005202590427e-08,1.7838904563674132e-07,0.013160569021876933,2.1355591056428896e-08
106,qm9randdiv60_12_C3H8,C3H8,26,def2-svp,qsGW-BSE singlet-singlet,reproducibility/v1.0.0/checkpoints/qm9_s1_def2svp_scf32_step1150.msgpack,1150,2,3,5,ok,,809.2851915369974,40.280134161002934,73.07689858801314,9.64758908,9.81184716,9.90450279,10.57315818,10.80608042,9.533098891691164,9.686108302360717,9.78571374453348,10.642351364083988,10.882111209484515,-0.11449018830883517,-0.1257388576392824,-0.1187890454665208,0.06919318408398745,0.07603078948451447,0.11449018830883517,0.1257388576392824,0.1187890454665208,0.06919318408398745,0.07603078948451447,0.10084841299662806,0.11449018830883517,0.00257148,0.0524134,0.00742764,2e-08,0.01398756,0.0022236913097060957,0.05386110046085412,0.008294115485774961,2.182459938379159e-06,0.00020327584157667778
107,qm9randdiv60_45_C3H6O,C3H6O,32,def2-svp,qsGW-BSE singlet-singlet,reproducibility/v1.0.0/checkpoints/qm9_s1_def2svp_scf32_step1150.msgpack,1150,2,3,5,ok,,922.9573194010009,36.55382189099328,64.31217129601282,6.95039593,7.8818914,8.31042034,8.40454103,8.58596488,6.972182568765972,7.75329653276357,8.350920513287685,8.584545995686298,8.79434154907359,0.0217866387659722,-0.12859486723642988,0.040500173287684404,0.18000496568629742,0.20837666907358887,0.0217866387659722,0.12859486723642988,0.040500173287684404,0.18000496568629742,0.20837666907358887,0.11585266280999455,0.0217866387659722,0.01234146,5.63e-06,0.0169357,0.00601392,0.00751095,0.011110918789101101,0.003013384814562907,0.0012648648328100513,0.017360869769321254,0.008728132854360948
110,qm9randdiv60_105_C3H2N2,C3H2N2,34,def2-svp,qsGW-BSE singlet-singlet,reproducibility/v1.0.0/checkpoints/qm9_s1_def2svp_scf32_step1150.msgpack,1150,0,3,1,ok,,822.822698775999,35.31919905001996,66.39614720098325,7.97134507,8.09745821,8.53755063,8.611607,8.61288539,7.8829011357223076,8.045811849854548,8.220228681733632,8.289828015416289,8.305394329094781,-0.08844393427769237,-0.0516463601454511,-0.3173219482663683,-0.3217789845837107,-0.30749106090521927,0.08844393427769237,0.0516463601454511,0.3173219482663683,0.3217789845837107,0.30749106090521927,0.21733645763568835,0.08844393427769237,0.00017637,5.2e-07,0.00357152,0.00048912,0.00357926,0.0011261183672084906,1.509065424207696e-06,0.003359939070815616,0.003292707103027521,1.2036353038009044e-05
112,qm9randdiv60_755_CH3N5,CH3N5,44,def2-svp,qsGW-BSE singlet-singlet,reproducibility/v1.0.0/checkpoints/qm9_s1_def2svp_scf32_step1150.msgpack,1150,0,3,1,ok,,911.5410479799903,45.450371521001216,74.1808020400058,5.87482262,6.26110803,6.50898049,6.8245617,7.02363759,5.9132069866269825,6.006485515340506,6.552253756273716,7.038406503298536,7.297864007862383,0.03838436662698275,-0.25462251465949404,0.04327326627371608,0.21384480329853606,0.27422641786238344,0.03838436662698275,0.25462251465949404,0.04327326627371608,0.21384480329853606,0.27422641786238344,0.16487027374422247,0.03838436662698275,0.0692694,0.00874448,0.01460326,7.377e-05,0.00063193,0.07462199894915783,0.017711577320176416,0.0002544624830961132,0.018749980447753757,0.0026629200984053026
115,qm9randdiv60_504_C4H3NO,C4H3NO,42,def2-svp,qsGW-BSE singlet-singlet,reproducibility/v1.0.0/checkpoints/qm9_s1_def2svp_scf32_step1150.msgpack,1150,2,3,5,ok,,1076.5535611719824,43.22603742501815,73.06311265900149,5.46113804,5.84969235,5.88534908,7.36508433,8.00079488,5.304777914187506,5.533940621149458,5.7257256578857,7.037103510831044,7.651338338060762,-0.15636012581249403,-0.31575172885054137,-0.1596234221142998,-0.32798081916895594,-0.34945654193923925,0.15636012581249403,0.31575172885054137,0.1596234221142998,0.32798081916895594,0.34945654193923925,0.26183452757710607,0.15636012581249403,6.72e-06,0.00097363,7.132e-05,0.00357446,0.00022503,0.00016780205082937924,0.0006985921990648006,6.233407601625701e-05,0.0007753377667392636,0.0932072447180502
116,qm9randdiv60_119_C3H6N2,C3H6N2,38,def2-svp,qsGW-BSE singlet-singlet,reproducibility/v1.0.0/checkpoints/qm9_s1_def2svp_scf32_step1150.msgpack,1150,1,3,2,ok,,1004.6704115880129,41.94074988301145,71.69412522701896,6.7056155,7.86162435,7.98112185,8.20734002,8.32918804,6.5197154353551605,7.4700935619057045,7.658548473545172,7.703356143443465,7.889931811806217,-0.18590006464483988,-0.3915307880942951,-0.3225733764548284,-0.5039838765565348,-0.4392562281937833,0.18590006464483988,0.3915307880942951,0.3225733764548284,0.5039838765565348,0.4392562281937833,0.3686488667888563,0.18590006464483988,0.00053987,0.0397207,0.00282032,0.00764406,0.02160876,0.011993981543056892,0.022164643215338432,0.026254176915171786,0.041315213347514576,0.00032823289841687553
118,qm9randdiv60_2968_C6H5N,C6H5N,48,def2-svp,qsGW-BSE singlet-singlet,reproducibility/v1.0.0/checkpoints/qm9_s1_def2svp_scf32_step1150.msgpack,1150,1,3,2,ok,,1245.154409286013,46.536557214014465,71.53840991298785,4.89580379,5.25704547,5.33345726,6.79731928,7.12150148,4.799360816379863,4.912954906631621,5.119059426092099,6.641435139661866,6.807685703629945,-0.0964429736201371,-0.34409056336837907,-0.2143978339079009,-0.15588414033813436,-0.3138157763700553,0.0964429736201371,0.34409056336837907,0.2143978339079009,0.15588414033813436,0.3138157763700553,0.22492625752092135,0.0964429736201371,0.00199049,0.01020464,0.00791703,0.02925097,0.68620189,0.004277903884774545,0.010810721014776996,0.0027992691307305913,0.13748385600914548,0.18133799178664212
119,qm9randdiv60_308_C5H9N,C5H9N,46,def2-svp,qsGW-BSE singlet-singlet,reproducibility/v1.0.0/checkpoints/qm9_s1_def2svp_scf32_step1150.msgpack,1150,1,3,2,ok,,1439.1415455730166,48.81068642900209,84.21682873202371,7.00082137,7.19340597,7.85252839,7.85273085,8.78372318,6.930038216366324,7.7534213272304795,8.073254352359632,8.074590104951081,8.9218298872334,-0.07078315363367604,0.5600153572304798,0.22072596235963182,0.22185925495108094,0.13810670723339946,0.07078315363367604,0.5600153572304798,0.22072596235963182,0.22185925495108094,0.13810670723339946,0.24229808708165362,0.07078315363367604,0.0309551,0.03198905,0.00724457,0.0072562,0.03835291,0.013433225623084915,0.03752321434849911,0.0019489916864014337,0.0019560886730548197,0.0005693301195146487
121,qm9randdiv60_168_C2H2N2O,C2H2N2O,36,def2-svp,qsGW-BSE singlet-singlet,reproducibility/v1.0.0/checkpoints/qm9_s1_def2svp_scf32_step1150.msgpack,1150,1,3,2,ok,,770.125294411002,40.59402701599174,71.96784120600205,6.31691589,7.08488419,7.52968935,7.60617162,8.30950386,6.4086098727571015,7.574898746128792,7.7096203087895185,7.919254201557101,8.347831389179563,0.09169398275710172,0.4900145561287914,0.1799309587895186,0.31308258155710167,0.03832752917956306,0.09169398275710172,0.4900145561287914,0.1799309587895186,0.31308258155710167,0.03832752917956306,0.22260992168241528,0.09169398275710172,0.00595067,0.1086667,0.00086827,0.02222595,0.00373794,0.009697327269308149,0.0021850373325919817,0.14119431141864763,0.015235223646614665,0.0072617944925067015
123,qm9randdiv60_2758_C4H3N3,C4H3N3,48,def2-svp,qsGW-BSE singlet-singlet,reproducibility/v1.0.0/checkpoints/qm9_s1_def2svp_scf32_step1150.msgpack,1150,0,3,1,ok,,1179.8125643100066,46.08773002601811,77.16944807799882,7.34100605,7.74633536,7.79124751,7.84300413,8.1338091,7.137717609741453,7.38708917984793,7.629414343598967,7.7471035213866175,7.793551114028697,-0.20328844025854664,-0.3592461801520699,-0.16183316640103307,-0.09590060861338223,-0.34025798597130397,0.20328844025854664,0.3592461801520699,0.16183316640103307,0.09590060861338223,0.34025798597130397,0.23210527627926716,0.20328844025854664,0.00395375,0.05109519,0.00117854,0.04237279,0.00495477,0.0008992308579427293,0.08223607600935866,3.997662177265038e-05,0.0015340792711524961,0.002587804468228468
124,qm9randdiv60_8_C3H4,C3H4,22,def2-svp,qsGW-BSE singlet-singlet,reproducibility/v1.0.0/checkpoints/qm9_s1_def2svp_scf32_step1150.msgpack,1150,0,3,1,ok,,53.24436320998939,20.394806297001196,49.18274875701172,7.06816931,7.47576779,7.47578711,7.87011431,7.87012383,7.014369343142848,7.025824212600662,7.148405773339806,8.117615213472858,8.121933993085335,-0.05379996685715227,-0.4499435773993383,-0.32738133666019387,0.2475009034728579,0.2518101630853353,0.05379996685715227,0.4499435773993383,0.32738133666019387,0.2475009034728579,0.2518101630853353,0.26608718949497556,0.05379996685715227,1.4e-07,0.00081647,0.0008217,0.02612769,0.0261041,0.0012465435305750747,0.0012691930172627388,6.282888581390646e-08,0.0013720017340279715,0.0014014682942753841
125,qm9randdiv60_42_C4H8,C4H8,32,def2-svp,qsGW-BSE singlet-singlet,reproducibility/v1.0.0/checkpoints/qm9_s1_def2svp_scf32_step1150.msgpack,1150,0,3,1,ok,,1071.1574159119918,38.98671676800586,70.51061732097878,8.09780025,8.32487013,8.4876022,8.6440555,8.90984448,8.170091810310483,8.432042815265516,8.571626795769435,8.75495562171147,9.22222038532635,0.07229156031048234,0.10717268526551571,0.084024595769435,0.11090012171147023,0.3123759053263502,0.07229156031048234,0.10717268526551571,0.084024595769435,0.11090012171147023,0.3123759053263502,0.1373529736766507,0.07229156031048234,0.00397414,0.00613916,0.01375239,0.01405332,0.00669776,0.02600960460671938,0.0011622563231563075,0.009012518012592043,0.004968168376581516,0.00024615439061341363
128,qm9randdiv60_662_C5H6O,C5H6O,44,def2-svp,qsGW-BSE singlet-singlet,reproducibility/v1.0.0/checkpoints/qm9_s1_def2svp_scf32_step1150.msgpack,1150,1,3,2,ok,,1267.1160086439922,42.20049159199698,72.54238774901023,6.73154361,6.86494533,7.33891295,8.19769276,8.29828351,6.730619834857695,7.215640238085818,7.569106868159007,8.309139937565543,8.313975989225073,-0.0009237751423052387,0.35069490808581794,0.23019391815900647,0.11144717756554279,0.01569247922507344,0.0009237751423052387,0.35069490808581794,0.23019391815900647,0.11144717756554279,0.01569247922507344,0.14179045163554918,0.0009237751423052387,0.14450253,0.00629575,0.02506736,0.01340039,0.00843331,0.008686619258126485,0.1695033760168109,0.0007811334134847683,0.06935268043091743,0.044022938151144976
131,qm9randdiv60_343_C4H6O2,C4H6O2,46,def2-svp,qsGW-BSE singlet-singlet,reproducibility/v1.0.0/checkpoints/qm9_s1_def2svp_scf32_step1150.msgpack,1150,0,3,1,ok,,1364.867489485012,33.50159087800421,54.99348437401932,3.09885627,4.7792639,7.55222747,7.91436576,8.12789144,3.065392169966056,4.669615629295985,7.088001475792531,7.331962950288734,7.501253723313449,-0.03346410003394418,-0.10964827070401473,-0.46422599420746913,-0.5824028097112661,-0.6266377166865515,0.03346410003394418,0.10964827070401473,0.46422599420746913,0.5824028097112661,0.6266377166865515,0.36327577826864915,0.03346410003394418,0.00020055,6.708e-05,0.00019622,0.02179418,0.14444175,8.536437365919429e-06,4.708815372988853e-05,2.3716627798445084e-05,0.04174893748010043,0.0002417489950329308
134,qm9randdiv60_495_C6H6,C6H6,42,def2-svp,qsGW-BSE singlet-singlet,reproducibility/v1.0.0/checkpoints/qm9_s1_def2svp_scf32_step1150.msgpack,1150,0,3,1,ok,,922.8801101850113,44.83521612902405,74.29693183701602,5.1406702,5.43389317,5.43393535,6.88038453,6.88067651,5.008462547673912,5.016154232755652,5.108134439794974,7.260678166445315,7.262056321254579,-0.13220765232608755,-0.41773893724434785,-0.3258009102050252,0.3802936364453151,0.381379811254579,0.13220765232608755,0.41773893724434785,0.3258009102050252,0.3802936364453151,0.381379811254579,0.32748418949507097,0.13220765232608755,3.1e-07,0.00081986,0.0007642,0.0,0.0,0.001070726041992357,0.0010730483959542844,7.714945874983527e-08,0.00021550615974665153,0.0002299914029280944
135,qm9randdiv60_476_C4N2,C4N2,38,def2-svp,qsGW-BSE singlet-singlet,reproducibility/v1.0.0/checkpoints/qm9_s1_def2svp_scf32_step1150.msgpack,1150,2,3,5,ok,,563.7682759349991,40.28310146101285,76.89708657399751,4.57442818,4.87902361,4.87905382,6.78176062,7.19849287,4.6007961212223325,4.629191069525571,4.643661223498668,6.7732240869852,6.981234049066393,0.026367941222332547,-0.24983254047442927,-0.23539259650133193,-0.00853653301479973,-0.2172588209336066,0.026367941222332547,0.24983254047442927,0.23539259650133193,0.00853653301479973,0.2172588209336066,0.1474776864293,0.026367941222332547,0.0,0.0,0.0,0.0,0.0,7.096014276888452e-20,3.5134595297151735e-18,9.367489549149076e-20,5.440629914633686e-22,7.845615691324559e-22
136,qm9randdiv60_109_C2H3NO2,C2H3NO2,38,def2-svp,qsGW-BSE singlet-singlet,reproducibility/v1.0.0/checkpoints/qm9_s1_def2svp_scf32_step1150.msgpack,1150,1,3,2,ok,,895.2555955220014,41.84118578597554,71.70924809901044,5.82696266,6.34751702,7.87345505,8.23506979,8.42642634,5.835975644720753,6.442844724055838,7.898101968338374,7.955972351859642,8.461491183529747,0.009012984720752293,0.09532770405583868,0.024646918338374846,-0.2790974381403588,0.035064843529745815,0.009012984720752293,0.09532770405583868,0.024646918338374846,0.2790974381403588,0.035064843529745815,0.08862997775701409,0.009012984720752293,0.00100557,0.00233943,0.38801683,0.07542145,0.03135203,0.0008406147307374533,0.005221588668590699,0.24582251273749842,9.299042312281878e-06,0.0965134669812822
138,qm9randdiv60_1171_C5H4O2,C5H4O2,50,def2-svp,qsGW-BSE singlet-singlet,reproducibility/v1.0.0/checkpoints/qm9_s1_def2svp_scf32_step1150.msgpack,1150,1,3,2,ok,,1331.4011039909965,49.93005532599636,78.80329572898336,4.16690019,4.34999672,5.37099103,5.68224945,5.86190401,4.130745965909867,4.312749145685406,5.375051714946883,5.608676174422962,5.75146050306441,-0.036154224090132914,-0.03724757431459391,0.004060684946883164,-0.0735732755770373,-0.11044350693558957,0.036154224090132914,0.03724757431459391,0.004060684946883164,0.0735732755770373,0.11044350693558957,0.05229585317284737,0.036154224090132914,0.00035759,0.00018248,9.951e-05,0.00739026,0.00974274,0.00022800303662751773,0.00019294785005902632,0.00018245299418741297,0.007312868059069145,0.002681553849522944
139,qm9randdiv60_32_C3H4O,C3H4O,30,def2-svp,qsGW-BSE singlet-singlet,reproducibility/v1.0.0/checkpoints/qm9_s1_def2svp_scf32_step1150.msgpack,1150,1,3,2,ok,,726.414804258995,36.960956022987375,67.21117152101942,6.6944591,7.33717577,7.45659246,7.60615393,8.1202083,6.673816037651082,7.023408062872125,7.39854903178388,7.489030134843722,8.363130006778388,-0.02064306234891866,-0.31376770712787483,-0.05804342821612085,-0.11712379515627802,0.24292170677838776,0.02064306234891866,0.31376770712787483,0.05804342821612085,0.11712379515627802,0.24292170677838776,0.15049993992551602,0.02064306234891866,5.938e-05,0.00713152,0.0034177,0.00382173,0.01296878,0.0009122093599365645,0.007439651184032727,7.426868149134235e-05,0.001675048299605526,0.006264671639830566
140,qm9randdiv60_106_C4H4O,C4H4O,36,def2-svp,qsGW-BSE singlet-singlet,reproducibility/v1.0.0/checkpoints/qm9_s1_def2svp_scf32_step1150.msgpack,1150,0,3,1,ok,,896.8896318270126,41.04354030301329,72.3314273909782,4.68819115,6.92661425,7.32681503,7.36815867,7.85851953,4.572866171289329,6.632604100844801,6.815211836883783,7.181249578756721,7.256077567868201,-0.11532497871067093,-0.2940101491551994,-0.5116031931162164,-0.1869090912432787,-0.6024419621317989,0.11532497871067093,0.2940101491551994,0.5116031931162164,0.1869090912432787,0.6024419621317989,0.34205787487143285,0.11532497871067093,0.00025802,0.00016411,0.0127254,0.00135763,0.01570626,0.0003311834370182217,0.003780657258624916,0.012452842563098532,0.0024830803949749854,0.0022470429119813757
141,qm9randdiv60_111_C5H4,C5H4,34,def2-svp,qsGW-BSE singlet-singlet,reproducibility/v1.0.0/checkpoints/qm9_s1_def2svp_scf32_step1150.msgpack,1150,1,3,2,ok,,742.2650645489921,38.582477340998594,69.37094432499725,5.09146301,5.39530006,5.39560211,7.26916714,7.26947925,5.032851210611311,5.04327337195695,5.144318225842891,7.563227218955682,7.567031060705502,-0.058611799388689434,-0.3520266880430505,-0.25128388415710834,0.294060078955682,0.2975518107055022,0.058611799388689434,0.3520266880430505,0.25128388415710834,0.294060078955682,0.2975518107055022,0.2507068522500065,0.058611799388689434,6e-08,0.00020176,0.00019497,7.13e-06,4.017e-05,0.00026629630381897975,0.00026937044104391363,1.588549764681313e-08,0.00038462349938404644,0.0002397709709703558
142,qm9randdiv60_11_CH3NO,CH3NO,24,def2-svp,qsGW-BSE singlet-singlet,reproducibility/v1.0.0/checkpoints/qm9_s1_def2svp_scf32_step1150.msgpack,1150,2,3,5,ok,,44.929250599991065,19.472514808992855,44.57866993898642,5.93463736,7.41887854,7.69218685,8.33263164,8.54450668,6.0476454253585965,7.740177105181136,7.83058897922228,8.580558960439387,8.724464504526365,0.11300806535859653,0.3212985651811362,0.13840212922228012,0.24792732043938592,0.17995782452636533,0.11300806535859653,0.3212985651811362,0.13840212922228012,0.24792732043938592,0.17995782452636533,0.20011878094555283,0.11300806535859653,0.00115223,0.02905758,0.03135194,0.269922,0.00124077,0.0019000210024653493,0.003933845884237499,0.0022886570457991105,0.0005780162884950263,0.16156016269650694
145,qm9randdiv60_513_C5H8O,C5H8O,46,def2-svp,qsGW-BSE singlet-singlet,reproducibility/v1.0.0/checkpoints/qm9_s1_def2svp_scf32_step1150.msgpack,1150,1,3,2,ok,,1448.8738291760092,50.54320965902298,80.62898154198774,6.86570425,7.36915488,7.44710547,7.64957244,7.66070408,6.669585495436267,6.9371587741286325,7.271166849971466,7.652966056546982,7.831712404826503,-0.1961187545637335,-0.4319961058713675,-0.17593862002853466,0.0033936165469823365,0.17100832482650308,0.1961187545637335,0.4319961058713675,0.17593862002853466,0.0033936165469823365,0.17100832482650308,0.19569108436742422,0.1961187545637335,2.726e-05,0.00232576,0.00825762,8.539e-05,0.01555193,0.0001903863292909972,0.003289543924273698,0.0007797463864938458,0.06361686257640639,0.0023431662175838345
146,qm9randdiv60_140_C3H3NO,C3H3NO,36,def2-svp,qsGW-BSE singlet-singlet,reproducibility/v1.0.0/checkpoints/qm9_s1_def2svp_scf32_step1150.msgpack,1150,0,3,1,ok,,894.9621869089897,41.377000039006816,54.82638600698556,7.58002826,8.06105425,8.23250376,8.37512388,8.77198908,7.413785494359681,7.581228377208087,7.936156951889735,8.076637765282047,8.583931933446898,-0.1662427656403187,-0.47982587279191247,-0.2963468081102656,-0.29848611471795294,-0.18805714655310268,0.1662427656403187,0.47982587279191247,0.2963468081102656,0.29848611471795294,0.18805714655310268,0.2857917415627105,0.1662427656403187,0.0124316,0.01139117,0.01038281,0.03349997,0.00468703,0.013705685246719838,0.004254876673095059,0.005703188535561494,0.028792498278579007,0.015113245432790074
147,qm9randdiv60_578_C6H12,C6H12,48,def2-svp,qsGW-BSE singlet-singlet,reproducibility/v1.0.0/checkpoints/qm9_s1_def2svp_scf32_step1150.msgpack,1150,1,3,2,failed,jax.errors.JaxRuntimeError: RESOURCE_EXHAUSTED: Out of memory while trying to allocate 8.40GiB.,1845.7369317490084,48.97608920800849,nan,8.22445163,8.41703651,8.64198145,8.83095455,8.86236086,nan,nan,nan,nan,nan,nan,nan,nan,nan,nan,nan,nan,nan,nan,nan,nan,nan,0.00386022,0.01043951,0.00793038,0.02444747,0.00107957,nan,nan,nan,nan,nan
149,qm9randdiv60_765_CN2O3,CN2O3,44,def2-svp,qsGW-BSE singlet-singlet,reproducibility/v1.0.0/checkpoints/qm9_s1_def2svp_scf32_step1150.msgpack,1150,2,3,5,ok,,817.0012664519891,40.35542594600702,68.69860693099326,6.38091085,6.9194103,7.14412531,8.15478473,8.28994485,6.102364793844658,6.99972015602712,7.208044415018297,7.443951652902506,7.853987162637436,-0.2785460561553421,0.08030985602712004,0.06391910501829745,-0.7108330770974938,-0.43595768736256346,0.2785460561553421,0.08030985602712004,0.06391910501829745,0.7108330770974938,0.43595768736256346,0.3139131563321634,0.2785460561553421,0.01288447,0.04829849,1e-08,3.458e-05,0.00133282,0.014185363186437303,0.03791609317751621,1.1196057615623653e-07,1.827847517542709e-08,0.006575627655048766
150,qm9randdiv60_814_C2HF3O,C2HOF3,48,def2-svp,qsGW-BSE singlet-singlet,reproducibility/v1.0.0/checkpoints/qm9_s1_def2svp_scf32_step1150.msgpack,1150,0,3,1,ok,,873.3451678339916,47.94798199599609,73.42902655198122,4.41434651,9.06874409,9.28498982,9.84584589,10.01190401,4.72201919390067,9.206494572831316,9.695454758205262,9.750902543391998,9.910834026528704,0.3076726839006705,0.13775048283131675,0.4104649382052621,-0.09494334660800163,-0.10106998347129625,0.3076726839006705,0.13775048283131675,0.4104649382052621,0.09494334660800163,0.10106998347129625,0.21038028700330944,0.3076726839006705,4.102e-05,0.02432766,0.00012237,0.19780067,0.00118221,1.540475011358774e-05,0.0020397697268436407,0.1089906627484571,0.004656339819799258,0.0016710478500569761
153,qm9randdiv60_500_C3H5NO2,C3H5NO2,46,def2-svp,qsGW-BSE singlet-singlet,reproducibility/v1.0.0/checkpoints/qm9_s1_def2svp_scf32_step1150.msgpack,1150,2,3,5,ok,,1346.4794069430209,47.05911469098646,77.05819455999881,5.8526856,6.09347901,7.63278382,8.05842019,8.3088448,5.769051516052261,6.09091350992452,7.476744162609692,7.554389469570219,8.293586761510946,-0.08363408394773941,-0.002565500075480287,-0.15603965739030823,-0.5040307204297809,-0.01525803848905305,0.08363408394773941,0.002565500075480287,0.15603965739030823,0.5040307204297809,0.01525803848905305,0.15230560006647237,0.08363408394773941,0.00074805,0.0012821,0.47985102,0.00152548,0.10427545,0.00033015124557844315,0.004591482444478666,0.3421342541126749,6.259687002205748e-05,0.03199982894228428
156,qm9randdiv60_334_C3H6N2O,C3H6N2O,46,def2-svp,qsGW-BSE singlet-singlet,reproducibility/v1.0.0/checkpoints/qm9_s1_def2svp_scf32_step1150.msgpack,1150,2,3,5,ok,,1344.070803234994,45.38630583998747,75.29847740801051,4.12493721,5.14524471,5.50361096,6.75823664,7.65113029,4.13739956255508,4.860057054829027,5.534961800336467,6.997906444157812,7.642992852298926,0.012462352555080436,-0.2851876551709731,0.031350840336467733,0.23966980415781247,-0.008137437701074113,0.012462352555080436,0.2851876551709731,0.031350840336467733,0.23966980415781247,0.008137437701074113,0.11536161798428157,0.012462352555080436,0.00019945,0.00364123,0.16691478,0.02380131,0.0047794,0.00010116751634424892,0.002291160085972206,0.1628708995765811,0.01649672366254225,0.0026525924407144975
157,qm9randdiv60_205_C3H3NO2,C3H3NO2,44,def2-svp,qsGW-BSE singlet-singlet,reproducibility/v1.0.0/checkpoints/qm9_s1_def2svp_scf32_step1150.msgpack,1150,1,3,2,ok,,1031.3607108060096,41.788825465017,69.99517326100613,5.85464863,6.56884856,7.27680429,7.52259235,7.88132132,6.178123135602767,7.056551735301744,7.206029951333828,7.733940235111427,7.98728353965287,0.3234745056027668,0.48770317530174356,-0.07077433866617255,0.21134788511142677,0.10596221965287,0.3234745056027668,0.48770317530174356,0.07077433866617255,0.21134788511142677,0.10596221965287,0.23985242486699593,0.3234745056027668,0.11639792,0.00110534,0.00330062,0.03701974,0.02577606,0.1470869263816168,0.000517991295137192,0.006779639318763557,0.00044763861585536495,0.0025990098609579146
165,qm9randdiv60_2553_C5H2N2,C5H2N2,46,def2-svp,qsGW-BSE singlet-singlet,reproducibility/v1.0.0/checkpoints/qm9_s1_def2svp_scf32_step1150.msgpack,1150,1,3,2,ok,,829.380576754018,48.772627352998825,79.43298329800018,5.55664761,5.89794578,5.90191891,7.93439253,8.08156239,5.46244942616858,5.554273893304227,5.629266911796373,7.804658848860557,7.977667677194561,-0.09419818383141987,-0.3436718866957724,-0.27265199820362707,-0.1297336811394434,-0.10389471280543905,0.09419818383141987,0.3436718866957724,0.27265199820362707,0.1297336811394434,0.10389471280543905,0.18883009253514035,0.09419818383141987,2.18e-06,0.00101563,0.00023027,0.00013893,0.00145963,0.00019419859787495476,0.000557979973716085,0.00014413204131659557,0.00109038592873359,2.2413146169043385e-05
167,qm9randdiv60_49_C4H5N,C4H5N,36,def2-svp,qsGW-BSE singlet-singlet,reproducibility/v1.0.0/checkpoints/qm9_s1_def2svp_scf32_step1150.msgpack,1150,1,3,2,ok,,900.3667760009994,33.394554519007215,68.08350757899461,5.77412139,6.4596854,6.57315367,6.92526674,7.02877292,5.817476844181723,6.718766659737954,7.055635183571513,7.070394425144009,7.2547543107675505,0.043355454181722486,0.25908125973795393,0.48248151357151325,0.14512768514400953,0.22598139076755075,0.043355454181722486,0.25908125973795393,0.48248151357151325,0.14512768514400953,0.22598139076755075,0.23120546068054998,0.043355454181722486,0.0,0.17571779,0.00310006,0.0,0.05892979,1.3665171292096425e-08,0.0003987325032347356,0.0072285816580038905,0.21224632806014923,0.004330614113286836
172,qm9randdiv60_108_C2H4N2O,C2H4N2O,38,def2-svp,qsGW-BSE singlet-singlet,reproducibility/v1.0.0/checkpoints/qm9_s1_def2svp_scf32_step1150.msgpack,1150,0,3,1,ok,,880.8869024050073,44.35024985898053,77.42129930100054,5.14176247,6.07731979,6.55671364,6.94382954,7.29799435,5.105959763925191,6.1269328787561514,6.8685025982728884,7.006656914899586,7.444319738470424,-0.03580270607480873,0.04961308875615167,0.31178895827288855,0.06282737489958556,0.14632538847042387,0.03580270607480873,0.04961308875615167,0.31178895827288855,0.06282737489958556,0.14632538847042387,0.12127150329477168,0.03580270607480873,0.00029691,0.00255019,0.22383855,0.00065042,0.02026393,2.4644567930010268e-05,0.005449863851769917,0.20523912094372623,0.0004922151147611205,0.17208419355265336
177,qm9randdiv60_22_C4H2,C4H2,26,def2-svp,qsGW-BSE singlet-singlet,reproducibility/v1.0.0/checkpoints/qm9_s1_def2svp_scf32_step1150.msgpack,1150,1,3,2,ok,,476.7988563819963,38.10875363901141,80.23569266998675,5.06811754,5.38614968,5.38615458,7.95309057,8.17946466,5.062987755581692,5.075920688359522,5.193293208148716,8.404807456188616,10.080440202153051,-0.0051297844183082475,-0.3102289916404777,-0.1928613718512846,0.45171688618861605,1.9009755421530503,0.0051297844183082475,0.3102289916404777,0.1928613718512846,0.45171688618861605,1.9009755421530503,0.5721825152503474,0.0051297844183082475,0.0,0.0,0.0,0.0,1.82450231,1.1392645794149151e-21,9.547112726083891e-17,1.3585578023949149e-21,0.008617842974745821,3.6449019344852798
179,qm9randdiv60_482_C4H2O2,C4H2O2,42,def2-svp,qsGW-BSE singlet-singlet,reproducibility/v1.0.0/checkpoints/qm9_s1_def2svp_scf32_step1150.msgpack,1150,2,3,5,ok,,1028.9043964479933,44.3237602369918,71.8685656489979,4.15845132,4.17333106,5.34452332,5.56436939,5.82230543,4.150714204975115,4.1676354744066,5.414231795425544,5.4754835004204345,5.838994787751387,-0.007737115024885277,-0.005695585593399777,0.0697084754255437,-0.08888588957956589,0.016689357751387135,0.007737115024885277,0.005695585593399777,0.0697084754255437,0.08888588957956589,0.016689357751387135,0.03774328467495636,0.007737115024885277,0.00028575,0.00029845,3.194e-05,0.00208591,0.00299341,0.0002136354524970568,0.00015722306053756537,0.0015461122822034074,1.1748985522428085e-05,0.0004888828118572624
180,qm9randdiv60_57_C2H3N3,C2H3N3,36,def2-svp,qsGW-BSE singlet-singlet,reproducibility/v1.0.0/checkpoints/qm9_s1_def2svp_scf32_step1150.msgpack,1150,2,3,5,ok,,795.7069867760001,41.06317744698026,73.22776854000404,6.01974863,6.62839146,6.7745681,7.31574652,7.82553469,5.884672984732499,6.981078895086843,7.125053937490216,7.213900239818275,7.654523695169404,-0.13507564526750038,0.3526874350868434,0.35048583749021667,-0.10184628018172504,-0.17101099483059556,0.13507564526750038,0.3526874350868434,0.35048583749021667,0.10184628018172504,0.17101099483059556,0.2222212385713762,0.13507564526750038,0.00653915,0.17594044,0.03113569,0.00145003,0.05985375,0.007400731284716224,0.12640979163536964,0.038202475159827866,0.014247089050020399,0.0015235953917525113
185,qm9randdiv60_776_CHN3O2,CHN3O2,44,def2-svp,qsGW-BSE singlet-singlet,reproducibility/v1.0.0/checkpoints/qm9_s1_def2svp_scf32_step1150.msgpack,1150,1,3,2,ok,,1042.5726781249978,46.886624776991084,77.17318771098508,5.70320195,5.73184848,6.07147369,7.44651335,7.57135273,5.770950082977607,6.028060091727338,6.103251126748229,7.358365329342308,8.249484648006396,0.06774813297760662,0.2962116117273377,0.03177743674822864,-0.0881480206576919,0.6781319180063958,0.06774813297760662,0.2962116117273377,0.03177743674822864,0.0881480206576919,0.6781319180063958,0.23240342402345213,0.06774813297760662,0.00839178,0.06234901,0.00045829,0.00798949,0.0460586,0.013353148359622959,0.0020893216505531794,0.0742345951826078,0.01238481327149989,0.0008113349248989612
188,qm9randdiv60_121_C3H5NO,C3H5NO,38,def2-svp,qsGW-BSE singlet-singlet,reproducibility/v1.0.0/checkpoints/qm9_s1_def2svp_scf32_step1150.msgpack,1150,2,3,5,ok,,970.7024915530055,44.71126298198942,75.77419835099136,7.70343768,8.06414138,8.52161318,8.61239885,8.76640041,7.599042244166519,7.969772513186518,8.231558806889762,8.42131117474925,8.483971694164087,-0.10439543583348154,-0.09436886681348255,-0.2900543731102374,-0.1910876752507491,-0.28242871583591267,0.10439543583348154,0.09436886681348255,0.2900543731102374,0.1910876752507491,0.28242871583591267,0.19246701336877264,0.10439543583348154,0.00262251,0.01315704,0.00546353,0.01464865,0.00931051,0.015376013624784511,0.030921013316473456,0.004508984057409814,0.018042262978883346,0.025791580394515807
190,qm9randdiv60_812_C3HF3,C3HF3,46,def2-svp,qsGW-BSE singlet-singlet,reproducibility/v1.0.0/checkpoints/qm9_s1_def2svp_scf32_step1150.msgpack,1150,0,3,1,ok,,882.8671609669982,46.366483339021215,67.12250133400084,6.81061722,7.25033413,7.25035644,9.3508806,9.35177014,7.200145174703731,7.220504992930075,7.337918271808694,9.752953218016268,9.760948887100042,0.3895279547037305,-0.029829137069924627,0.08756183180869392,0.4020726180162679,0.409178747100043,0.3895279547037305,0.029829137069924627,0.08756183180869392,0.4020726180162679,0.409178747100043,0.263634057739732,0.3895279547037305,1e-08,0.00010708,0.00010218,0.09246791,0.09311131,5.5158476701448073e-05,6.124910944599641e-05,7.660474027275904e-09,0.0002121821313322594,0.00022374101984715342
193,qm9randdiv60_24_C2N2,C2N2,26,def2-svp,qsGW-BSE singlet-singlet,reproducibility/v1.0.0/checkpoints/qm9_s1_def2svp_scf32_step1150.msgpack,1150,0,3,1,ok,,463.4095016630017,39.96699399501085,73.40525385699584,5.99420801,6.41115169,6.41124203,8.26903887,9.8099995,5.99463230367096,6.252795683189184,6.272432052965352,8.132071578671889,8.307319146480998,0.00042429367095930814,-0.1583560068108154,-0.13880997703464804,-0.13696729132811036,-1.5026803535190023,0.00042429367095930814,0.1583560068108154,0.13880997703464804,0.13696729132811036,1.5026803535190023,0.3874475844727071,0.00042429367095930814,0.0,0.0,0.0,0.04180606,1.51723253,9.744117936148792e-10,6.08683735234922e-08,5.091197953521784e-08,2.997667269344984e-08,6.700440549957023e-06
194,qm9randdiv60_13_C2H6O,C2H6O,26,def2-svp,qsGW-BSE singlet-singlet,reproducibility/v1.0.0/checkpoints/qm9_s1_def2svp_scf32_step1150.msgpack,1150,0,3,1,ok,,738.3812616689829,33.98215680199792,67.90696120398934,7.50783479,9.02833571,9.46380328,9.97241591,10.07171984,7.449528593834567,8.733660603195766,9.40961283958567,9.841900687118693,9.92942333999667,-0.0583061961654332,-0.2946751068042346,-0.054190440414330965,-0.13051522288130712,-0.14229650000332938,0.0583061961654332,0.2946751068042346,0.054190440414330965,0.13051522288130712,0.14229650000332938,0.13599669325372704,0.0583061961654332,0.00272345,0.02599095,0.00144471,0.07125201,0.0804809,0.0022911072328735105,0.014451585809434427,0.012877824231573081,0.07690873439989078,0.07654456304001139
195,qm9randdiv60_139_C3H4N2,C3H4N2,36,def2-svp,qsGW-BSE singlet-singlet,reproducibility/v1.0.0/checkpoints/qm9_s1_def2svp_scf32_step1150.msgpack,1150,2,3,5,ok,,748.5789736090228,42.772185776004335,74.46715387300355,7.24678848,7.8276052,7.88790975,8.31746673,8.36370352,7.000007700589788,7.41733217241358,7.831197534839394,8.01923896063032,8.234551260074763,-0.24678077941021215,-0.4102730275864195,-0.05671221516060676,-0.29822776936967976,-0.12915225992523638,0.24678077941021215,0.4102730275864195,0.05671221516060676,0.29822776936967976,0.12915225992523638,0.22822921029043092,0.24678077941021215,0.02204115,0.07210314,0.03418885,0.01544713,0.00840999,0.01949920100761402,0.09656054622732822,0.004402951670347728,0.013576437119895549,0.003675769696478912
199,qm9randdiv60_183_C3H2O3,C3H2O3,44,def2-svp,qsGW-BSE singlet-singlet,reproducibility/v1.0.0/checkpoints/qm9_s1_def2svp_scf32_step1150.msgpack,1150,2,3,5,ok,,800.4631440250087,41.818364415026736,70.30061143598869,6.98929761,7.2408232,7.55551705,7.69746396,8.46105312,7.328994899234565,7.633731841427281,7.748914086269249,7.90357095961505,8.524397584921589,0.33969728923456444,0.39290864142728044,0.19339703626924898,0.20610699961504952,0.06334446492158818,0.33969728923456444,0.39290864142728044,0.19339703626924898,0.20610699961504952,0.06334446492158818,0.2390908862935463,0.33969728923456444,0.15732709,0.02374391,0.16879439,0.01371777,0.0,1.4680469042287793e-08,0.15954556912112636,0.2089654122899636,0.00326188591071584,4.6282943600524555e-05
